{"cameraMode":{"drawMode":0,"name":"Shaded","section":"Shading Mode"},"sceneLighting":false,"audioPlay":false,"sceneViewState":{"m_AlwaysRefresh":false,"showFog":true,"showSkybox":false,"showFlares":true,"showImageEffects":true,"showParticleSystems":true,"showVisualEffectGraphs":true,"m_FxEnabled":true},"in2DMode":false,"pivot":{"x":0.5931200981140137,"y":0.8029565811157227,"z":0.6841834187507629},"rotation":{"x":0.20026655495166779,"y":0.6024603843688965,"z":-0.1607426553964615,"w":0.7551981806755066},"size":1.9159315824508668,"orthographic":false}