{"cameraMode":{"drawMode":0,"name":"Shaded","section":"Shading Mode"},"sceneLighting":false,"audioPlay":false,"sceneViewState":{"m_AlwaysRefresh":false,"showFog":true,"showSkybox":false,"showFlares":true,"showImageEffects":true,"showParticleSystems":true,"showVisualEffectGraphs":true,"m_FxEnabled":true},"in2DMode":false,"pivot":{"x":0.18202164769172669,"y":-37.9124641418457,"z":15.79955005645752},"rotation":{"x":0.5731565952301025,"y":0.0035759778693318369,"z":-0.0028470195829868318,"w":0.8186524510383606},"size":21.956941604614259,"orthographic":false}