{"cameraMode":{"drawMode":0,"name":"Shaded","section":"Shading Mode"},"sceneLighting":true,"audioPlay":false,"sceneViewState":{"m_AlwaysRefresh":false,"showFog":true,"showSkybox":true,"showFlares":true,"showImageEffects":true,"showParticleSystems":true,"showVisualEffectGraphs":true,"m_FxEnabled":true},"in2DMode":false,"pivot":{"x":1.1202830076217652,"y":5.751281261444092,"z":-1.8331787586212159},"rotation":{"x":0.5079516172409058,"y":-0.08393463492393494,"z":0.04911770671606064,"w":0.8553838133811951},"size":3.1038668155670168,"orthographic":false}